{"document":{"pageListHeight":250,"componentSidebarTreeStructure":0,"libraryListCollapsed":0,"pageListCollapsed":0},"84F22AD7-7828-49CA-94C0-0317BF94F4BD":{"scrollOrigin":"{951.9999982096748, 750.9999985876741}","zoomValue":0.3102627396583557}}